{"loss": 2.064002752304077, "_timestamp": 1721355464.0430198, "learning_rate": 0.000125, "_runtime": 20.99742865562439, "_step": 1}